Material,Band_Gap(ev),Refractive_index_n,mean-z,std-z,mean_mass,std_mass,mean_ele,std_ele,mean-FIE,std_FIE,mean-p,std-p,mean-radius,std-radius,mean-Den,std-Den,mean-boil,std-boil,mean-melt,std-melt,mean-con,std-con
Ag3AsS3,2.1,2.729,31.71,14.35,70.674,35.132,2.244,0.302,9.089,1.322,4,0.925,124.714,35.911,6154,3952.45,435.416,379.037,851.41,403.809,191.516,207.174
Ag3SbS3,1.75,3.013,34.28,15.88,77.365,39.494,2.225,0.309,8.921,1.293,4.142,0.989,127.428,35.716,6292.428,3952.075,308.967,354.119,824.807,393.209,187.802,209.894
AgAlGeSe4,2.02,2.896,32.57,9.25,70.112,28.723,2.25,0.364,8.639,1.704,4,0.816,117.142,28.004,5398.428,2221.783,947.075,860.869,765.114,325.631,103.868,204.517
AgAlS2,3.13,2.458,23,13.91,49.744,33.621,2.175,0.42,8.57,1.876,3.5,0.866,11.75,3.491,4277.5,3599.488,1057.543,1043.114,736.28,363.879,166.652,179.883
AgAlSe2,2.55,2.663,32,12.18,70.192,28.731,2.16,0.406,8.266,1.589,4,0.707,122.25,25.43,5707,2893.796,1177.608,1010.414,789.1,313.757,166.51,179.738
AgAlSnSe4,1.85,2.681,35.14,11.06,77.914,27.396,2.242,0.369,8.559,1.739,4.142,0.961,120,29.018,5682.285,2318.825,947.044,860.903,664.211,277.599,104.868,203.37
AgAlTe2,1.8,2.779,41,16.29,97.512,41.51,1.935,0.2,7.895,1.248,4.5,0.866,132.25,19.018,6417.5,2759.894,699.239,1208.256,903.43,209.851,167.75,178.593
AgBr,2.7,2.242,41,6,93.886,13.982,2.445,0.515,9.695,2.119,4.5,0.5,129.5,35.5,6805,3685,167.217,164.782,750.365,484.565,215.06,214.94
AgBr,4.3,2.242,41,6,93.886,13.982,2.445,0.515,9.695,2.119,4.5,0.5,129.5,35.5,6805,3685,167.217,164.782,750.365,484.565,215.06,214.94
AgCl,3.2,2.0568,32,15,71.66,36.2,2.545,0.615,10.272,2.696,4,1,122,43,5246.607,5243.393,120.772,118.337,703.265,531.665,215.004,214.995
AgCl,5.1,2.0568,32,15,71.66,36.2,2.545,0.615,10.272,2.696,4,1,122,43,5246.607,5243.393,120.772,118.337,703.265,531.665,215.004,214.995
AgGaGeS4,3,2.288,24.85,11.29,54.07,27.828,2.295,0.332,8.987,2.009,3.571,0.895,111.142,35.168,3472.913,1757.564,411.355,353.933,614.668,385.98,74.26,207.205
AgGaGeSe4,1.85,2.984,35.14,9.96,77.438,12.471,2.278,0.318,8.641,1.699,4.1,0.378,119.714,27.952,5856.142,1929.538,548.572,472.766,675.034,352.691,74.44,207.12
AgGaS2,2.6,2.5482,27.5,12.81,60.43,31.408,2.225,0.357,8.57,1.871,3.75,0.829,119.25,32.889,5078.5,3514.821,360.163,357.707,578.64,380.511,114.852,182.329
AgGaSe2,1.7,2.8421,36.5,6.18,80.877,15.638,2.21,0.342,8.27,1.584,4.25,0.433,126.75,25.868,6508,2341.291,480.228,477.772,631.46,357.04,115.01,182.23
AgGaSnSe4,1.7,3.069,37.71,6.94,93.02,35.602,2.271,0.324,8.561,1.734,4.285,0.606,122.571,28.772,6140,1975.827,548.54,472.802,574.131,277.917,75.44,206.511
AgGaTe2,1.1,2.992,45.5,8.61,108.197,23.628,1.985,0.122,7.898,1.243,4.75,0.433,136.75,17.15,7218.5,1893.775,1.858,0.597,745.79,330.329,124,178.195
AgI,2.92,2.222,50,3,117.386,9.518,2.295,0.365,9.013,1.437,5,0,140,25,7715,2775,229.917,227.482,810.89,424.04,215.224,214.775
AgInGeSe4,1.58,3.142,37.71,6.56,83.88,17.467,2.274,0.324,8.61,1.784,4.285,0.606,122.571,31.217,6057,1996.097,548.553,472.788,693.154,335.97,82.011,201.312
AgInS2,1.9,2.5,32,16.01,71.704,39.715,2.217,0.366,8.52,1.945,4.5,0.5,124.25,36.389,5430,3647.595,360.13,357.74,610.35,360.997,128.102,177.47
AgInSe2,1.18,2.96,41,7.03,92.151,19.348,2.202,0.351,8.216,1.661,4.5,0.5,131.75,28.925,6859.5,2329.74,480.195,477.805,663.17,331.146,128.26,177.357
AgInSnSe4,0.94,3.661,40.28,7.3,90.462,20.422,2.267,0.33,8.531,1.812,4.428,0.494,125.428,31.002,6340.857,2012.747,548.522,472.824,592.251,236.399,83.011,200.547
AgInTe2,0.96,3.46,50,2.12,119.971,8.971,1.977,0.133,7.845,1.325,5,0,141.75,19.018,7570,1741.536,1.825,0.565,777.5,289.98,129.5,176.466
AlAs,2.153,2.87,23,10,50.951,23.97,1.895,0.285,7.9,1.914,3.5,0.5,116,2,4214,1514,1839.5,952.5,1011.735,78.264,142.5,92.5
AlN,6.13,2.0294,10,3,20.494,6.487,2.325,0.715,10.259,4.274,2.5,0.5,87,31,1350.625,1349.374,1434.68,1357.32,498.26,435.21,117.512,117.487
Al2O3,9.9,1.7659,10,2.44,20.392,5.38,2.708,0.896,10.564,3.739,2.4,0.489,76,34.292,1080.857,1322.024,1170.92,1323.606,406.268,430.458,94.015,115.112
Al23O27N5,,179,10,2.55,20.41,5.597,2.638,0.878,10.509,3.844,2.418,0.493,78,33.983,1129.906,1331.111,1218.876,1333.685,422.993,432.783,95.288,115.903
AlP,3,2.75,14,1,28.977,1.996,1.9,0.289,8.236,2.251,3,0,108,10,2261.5,438.5,1672.8,1119.2,625.385,308.085,117.618,117.381
AlSb,1.68,3.5,32,19,74.37,47.389,1.86,0.219,7.312,1.327,4,1,125.5,7.5,4698.5,1998.5,1396.93,1395.07,918.625,14.845,129.5,105.5
As2O3,4,1.755,18,12.24,39.565,28.868,2.936,0.617,12.096,1.863,2.8,0.979,74.4,32.333,2292.057,2805.435,408.919,390.35,468.88,507.142,20.015,24.481
As2S3,2.5,2.6061,22.8,8.32,49.207,20.995,2.42,0.195,10.142,0.266,3.4,0.489,98.4,12.737,3467.2,1845.935,785.522,82.856,669.016,343.731,20.122,24.394
As2Se3,1.7,3.0788,33.6,0.48,73.744,0.96,2.402,0.181,9.777,0.03,4,0,107.4,5.388,5182.6,445.317,929.6,34.782,732.4,291.979,20.312,24.24
B2O3,8.45,1.46,6.8,1.46,13.924,2.541,2.88,0.685,11.49,2.606,2,0,63.6,19.106,984.857,1204.448,1763.32,2049.145,972.079,1123.433,10.815,13.214
B4C,1.64,3.2465,5.2,0.4,11.05,0.479,2.142,0.203,8.89,1.185,2,0,83,8,2420,80,4201.4,143.2,2661.4,626.8,49.6,45.2
BaB2O4,6.43,1.5499,14,17.19,31.849,43.12,2.675,0.951,10.897,3.282,2.571,1.399,88.428,69.308,1205.102,1427.155,1578.542,1840.01,845.028,1002.832,10.3,12.184
BaF2,9.1,1.4733,24.66,22.15,58.441,55.78,2.949,1.456,13.351,5.755,3.333,1.885,112.33,99.466,1171.13,1653.83,771.02,970.136,369,446.184,6.018,8.472
Ba(NO3)2,,1.5714,13.11,15.16,29.037,38.294,2.474,0.594,12.887,2.739,2.444,1.257,72.555,63.88,391.23,1102.651,315.435,646.162,161.655,296.418,2.023,5.648
BaO,4.8,1.9841,32,24,76.663,60.663,2.165,1.275,9.415,4.203,4,2,150.5,102.5,1755.714,1754.285,1116.6,1026.4,527.4,472.6,9.013,8.986
BaSe,3.58,2.27,45,11,105.143,32.183,1.72,0.83,7.482,2.27,5,1,178,75,4164.5,654.5,1550.5,592.5,747,253,9.26,8.74
BaTiO3,3.5,2.4043,20.4,8.6,46.638,46.993,2.55,1.109,10.578,3.757,3.2,1.6,114.6,85.124,1604.257,1988.212,483.431,830.462,621.08,754.69,8.015,9.866
BeO,10.6,1.717,6,2,12.505,3.493,2.505,0.934,11.47,2.147,2,0,80,32,924.714,923.285,1416.6,1326.4,807.4,752.6,95.013,94.986
Bi12GeO20,3.25,2.5476,36,35.76,87.89,92.095,2.88,0.694,11.143,3.07,3.515,1.908,84.878,45.841,3718.532,4670.371,722.76,842.415,267.884,286.877,4.743,10.481
Bi12SiO20,3.25,2.5284,35.45,35.95,86.54,92.578,2.876,0.698,11.151,3.063,3.484,1.908,84.454,45.531,3627.835,4667.393,818.818,930.952,282.296,340.795,7.47,25.48
Bi12TiO20,3.09,2.5619,35.69,35.83,87.139,92.261,2.868,0.711,11.111,3.11,3.515,1.908,86.424,48.977,3693.805,4663.966,722.774,842.403,289.993,373.712,3.591,5.003
Bi2Mo3O12,2.9,2.3523,22.82,25.41,52.81,64.452,3.047,0.609,10.08,3.164,3,1.571,84.235,57.507,2965.714,4594.172,280.655,569.199,613.788,1067.837,25.489,52.606
Bi2O3,2.58,2.52,38,36.74,93.191,94.54,2.872,0.695,11.086,3.1,3.6,1.959,86,46.54,3912.857,4790.501,788.92,855.753,250.639,239.854,3.215,3.906
Bi2Se3,0.4,4.2923,53.6,24,127.368,66.636,2.338,0.259,8.767,1.206,4.8,0.979,119,19.595,6803.4,2430.383,1309.6,430.62,514.16,24.69,3.511,3.664
Bi4Ge3O12,4.2,1.835,24.73,30.16,65.57,76.743,2.915,0.687,11.382,2.932,3.157,1.63,80.157,42.45,2900.323,4024.732,444.193,719.908,340.494,424.338,11.174,21.378
Bi4Si3O12,,2.051,24.73,30.16,58.535,77.808,2.897,0.71,11.422,2.886,3,1.589,77.947,40.371,2427.744,3885.84,944.705,1188.603,415.589,583.9,25.385,54.052
BN,7.5,2.117,6,1,12.408,1.597,2.54,0.5,11.416,3.118,2,0,71.5,15.5,1230.625,1229.374,2175.18,2097.819,1205.525,1142.475,13.512,13.487
BP,2,2.8,10,5,20.892,10.081,2.115,0.074,9.3925,1.094,2.5,0.5,92.5,5.5,2141.5,318.5,2413.3,1859.7,1332.65,1015.35,13.618,13.382
Ca12Al14O33,,1.643,11.62,4.69,23.502,9.499,2.824,0.759,10.28,3.76,2.644,0.797,94.305,57.913,956.731,1141.551,913.316,1159.937,478.931,481.589,96.455,109.252
Ca3Al2Si3O12,,1.734,11.2,4.38,22.522,8.853,2.66,0.987,10.908,4.187,2.55,0.739,86.35,69.454,852.857,1084.594,809.533,1280.333,546.527,635.315,76.015,118.895
Ca3Ga2Ge3O12,,1.814,15.7,10.08,33.479,23.478,2.696,0.955,10.872,4.212,2.8,0.979,90.25,70.799,1622.207,2337.667,55.095,42.995,412.131,497.727,41.915,97.252
C,5.47,2.4175,6,0,12.01,0,2.55,0,11.261,0,2,0,67,0,2260,0,3915,0,3915,0,140,0
CaCO3,5.9,1.6585,10,5.05,20.017,10.148,2.774,0.951,11.645,2.913,2.4,0.8,81,56.977,762.857,959.202,837.471,1539.145,1038.879,1495.533,68.015,85.403
CaF2,10,1.433,12.66,5.18,26.024,10.148,2.986,1.404,13.652,5.331,2.666,0.942,92.66,71.65,517.797,729.877,57.272,39.255,407.333,500.395,66.685,94.267
CaLa2S4,2.7,2.7,28.28,18.21,63.735,47.618,1.931,0.749,8.386,2.284,4,1.309,142.571,63.782,3097.428,1933.061,1478.176,1448.972,722.062,386.078,32.402,68.648
CaO,7.7,1.838,14,6,28.038,12.039,2.219,1.22,9.865,3.752,3,1,121,73,775.714,774.285,45.978,44.221,584.9,530.1,100.013,99.986
CaSe,4.87,2.26,27,7,56.519,16.44,1.775,0.774,7.933,1.819,4,0,148.5,45.5,3184.5,1634.5,479.878,478.121,804.5,310.5,100.26,99.74
CdBr2,4.47,1.973,39.33,6.12,90.739,15.323,2.536,0.598,10.874,1.329,4.333,0.471,116.333,31.584,4963.333,2606.866,221.679,156.016,375.273,154.818,32.413,45.669
CdCl2,5.7,1.7,27.33,14.61,61.105,36.278,2.67,0.692,11.643,1.873,3.666,0.942,106.333,38.655,2885.476,4076.134,159.753,112.227,312.473,199.224,32.339,45.722
CdF2,6,1.562,22,18.38,50.135,44.035,3.216,1.079,14.612,3.972,3,1.414,81.666,56.097,2884.464,4076.849,57.033,39.593,233.74,254.897,32.351,45.713
CdGa2S4,3.4,2.4453,24.85,11.49,54.302,28.859,2.232,0.402,8.918,1.903,3.571,0.728,112.142,28.925,4042.5712,2549.695,411.067,354.265,393.354,90.084,22.259,32.999
CdGeAs2,0.61,3.5963,36.5,6.65,83.723,16.588,2.015,0.2,9.131,0.785,4.25,0.433,128.5,19.293,6357.25,1334.005,444.533,442.467,996.405,237.431,64.25,19.343
CdGeP2,1.72,3.3,27.5,13.72,61.749,33.835,2.02,0.204,9.466,1.09,3.75,0.829,120.5,25.85,4404.75,2837.084,277.833,275.767,610.055,365.129,39.368,41.26
CdI2,3.8,2.297,51.33,2.35,122.073,6.832,2.336,0.457,9.965,0.686,5,0,130.333,21.68,6176.666,1748.91,305.28,215.13,455.973,97.755,32.632,45.397
CdO,2.3,2.49,28,20,64.205,48.205,2.565,0.875,11.306,2.312,3.5,1.5,104.5,56.5,4325.714,4324.285,45.62,44.58,324.51,269.71,48.513,48.486
CdS,2.42,2.4814,32,16,72.238,40.173,2.135,0.445,9.677,0.682,4,1,125.5,36.5,5305,3345,359.455,358.415,491.29,102.93,48.602,48.397
CdSe,1.7,2.549,41,7,92.685,19.725,2.12,0.429,9.373,0.379,4.5,0.5,132,29,6734.5,1915.5,479.52,478.48,544.11,50.11,48.76,48.24
CdSeP2,1.72,3.16,28,13.91,61.829,33.861,2.155,0.306,9.93,0.618,3.75,0.829,115,26.636,4278.75,2804.51,516.56,340.357,430.705,118.811,24.497,41.859
CdSiAs2,1.52,3.5,32,12.06,72.584,29.904,1.987,0.206,9.193,0.689,4,0.707,125,20.82,5609,2237.623,1237.01,1174.807,1115.305,387.183,86.75,41.251
CdSiP2,2.45,2.703,23,14.43,50.611,35.699,1.992,0.21,9.529,1.002,3.5,0.866,117,25.951,3656.5,2890.419,1070.31,1234.769,728.955,564.562,61.868,64.417
CdSnAs2,0.41,3.7,41,8.03,95.241,20.441,2.002,0.201,8.992,1.008,4.5,0.5,133.5,20.303,6854,1221.607,444.478,442.521,819.825,272.006,66,19.196
CdSnP2,1.17,3.442,32,17.01,73.267,42.351,2.007,0.205,9.328,1.297,4,1,125.5,28.075,4901.5,3114.741,277.778,275.822,433.475,120.373,41.118,42.235
CdTe,1.56,2.817,50,2,120.505,8.094,1.895,0.205,9.001,0.008,5,0,142,19,7445,1205,1.1505,0.11,658.44,64.219,50,47
Ce2O3,2.4,2.008,28,24.49,65.646,60.804,2.512,1.136,10.386,3.957,3.6,1.959,112.8,79.363,2676.457,3276.227,1507.32,1735.61,461.28,497.834,4.415,5.375
CeF3,4.85,1.6271,21.25,21.21,49.277,52.445,3.514,0.805,14.451,5.145,3,1.732,84,72.746,1673.522,2895.687,972.022,1536.316,307.875,440.59,2.77,4.751
CeO2,3.41,2.425,24.66,23.57,57.371,58.509,2.666,1.093,10.924,3.808,3.333,1.885,102,76.367,2230.619,3152.551,1271.133,1670.091,393.533,479.041,3.684,5.872
CoO,3.2,2.35,17.5,9.5,37.466,24.466,2.66,0.78,10.749,2.868,3,1,100,52,4450.714,4449.285,46.7,43.5,911.4,856.6,50.013,49.986
Cr2O3,2.58,2.52,14.4,7.83,30.398,17.634,2.728,0.872,10.877,3.356,2.8,0.979,95.2,57.807,2876.857,3521.666,55.297,42.746,904.879,1041.131,37.615,46.037
CsLiB6O10,6.89,1.4939,9.33,11.19,20.261,27.47,2.689,0.903,10.847,3.826,2.222,0.916,81.5,82.434,954.905,1147.782,1616.611,1916.161,855.071,1060.524,15.736,27.315
CsB3O5,7.42,1.558,12.22,15.18,27.259,37.426,2.678,0.924,10.764,3.434,2.444,1.257,88.777,76.082,1029.571,1161.669,1579.333,1922.346,846.621,1064.287,13.014,14.751
CsBr,6.9,1.6929,45,10,106.404,26.5,1.875,1.085,7.854,3.96,5,1,196,102,2499.5,620.5,638,306,283.695,17.894,18.06,17.939
CsCl,7.4,1.64,36,19,84.179,48.726,1.975,1.185,8.431,4.537,4.5,1.5,188.5,109.5,941.107,937.892,591.555,352.445,236.594,64.994,18.004,17.995
CsF,10,1.48,32,23,75.951,56.953,2.385,1.594,10.658,6.764,4,2,170,128,940.348,938.651,514.515,429.485,177.545,124.044,18.013,17.986
CsI,6.2,1.7806,54,1,129.905,3,1.725,0.935,7.172,3.278,5.5,0.5,206.5,91.5,3409.5,1530.5,700.7,243.3,344.22,42.63,18.224,17.775
Cu2O,2.1,2.262,22,9.89,47.697,22.413,2.413,0.725,9.69,2.777,3.333,0.942,112.666,45.726,5973.809,4223.11,31.956,41.184,923.446,614.225,266.675,188.549
CuAlGeSe4,2.25,2.788,30,7.15,65.001,15.853,2.245,0.368,8.66,1.693,3.857,0.349,114.285,18.902,5179.857,1731.247,947.132,860.806,782.662,352.665,99.582,146.096
CuAlS2,3.5,2.4,18.5,6.18,38.664,14.514,2.167,0.425,8.608,1.857,3.25,0.433,109.75,23.752,3895,2939.842,1057.643,1043.013,766.99,407.264,158.852,169.032
CuAlSe2,2.7,2.606,27.5,8.61,59.111,18.944,2.152,0.41,8.304,1.573,3.75,0.433,117.25,17.151,5324.5,2270.237,1177.708,1010.298,607.392,464.47,159.01,168.885
CuAlSnSe4,1.9,2.957,32.57,10.05,71.582,24.734,2.238,0.373,8.581,1.732,4,0.534,117.142,22.75,5463.714,1887.308,947.101,860.84,681.76,314.546,100.582,145.845
CuAlTe2,2.06,3.3,36.5,16.5,86.431,43.15,1.927,0.2,7.933,1.24,4.25,0.829,127.25,10.449,6035,222.717,699.339,1208.198,934.139,259.282,160.25,167.722
CuBr,3,2.117,32,3,71.725,8.178,2.429,0.53,9.77,2.043,4,0,119.5,25.5,6040,2920,167.417,164.582,811.785,545.985,200.06,199.94
CuCl,3.3,1.97,23,6,49.499,14.046,2.53,0.63,10.347,2.62,3.5,0.5,112,33,4481.607,4478.393,120.972,118.137,764.685,593.085,200.004,199.995
CuGaGeSe4,1.87,2.973,32.57,1.84,71.107,3.276,2.274,0.322,8.662,1.688,4,0,116.857,20.205,5637.571,1408.581,548.629,472.7,692.582,381.955,70.154,136.272
CuGaS2,2.43,2.6721,23,7.03,49.349,17.422,2.217,0.363,8.611,1.852,3.5,0.5,114.25,26.442,4696,2941.613,360.263,357.607,609.35,433.506,107.352,169.368
CuGaSe2,1.7,2.8,32,2.12,69.797,3.843,2.202,0.348,8.308,1.568,4,0,121.75,19.018,6125.5,1695.386,480.328,477.672,662.17,409.111,107.51,169.268
CuGaSnSe4,1.42,3.248,35.14,6.33,77.688,17.053,2.267,0.329,8.583,1.726,4.142,0.349,119.714,22.685,5921.428,1512.932,548.598,472.736,591.68,319.809,71.154,136.219
CuGaTe2,1.18,3.599,41,11.02,97.117,30.56,1.977,0.126,7.936,1.235,4.5,0.5,131.75,9.31,6836,1233.94,1.958,0.708,776.5,376.815,108.75,168.487
CuI,3.1,2.346,4,12,95.225,31.679,2.28,0.38,9.089,1.362,4.5,0.5,130,15,6950,2010,230.117,227.282,872.31,485.46,200.224,199.775
CuInGeSe4,1.26,3.368,35.14,5.91,77.549,15.553,2.27,0.329,8.632,1.775,4.142,0.349,119.714,25.716,5838.428,1527.485,548.61,472.722,710.702,365.702,77.725,135.243
CuInS2,1.54,2.6,27.5,13.5,60.623,33.825,2.21,0.372,8.558,1.928,3.75,0.829,119.25,31.491,5047.5,3142.128,360.23,357.64,641.06,414.137,120.602,164.73
CuInSe2,0.95,2.9,36.5,7.5,81.071,19.859,2.195,0.357,8.254,1.647,4.25,0.433,126.75,24.066,6477,1757.633,480.295,477.705,693.88,384.193,120.76,164.615
CuInSnSe4,0.71,3.942,37.71,7.64,84.13,20.909,2.262,0.335,8.552,1.807,4.285,0.451,122.571,26.605,6122.285,1588.717,548.872,472.758,609.8,306.24,78.725,135.134
CuInTe2,0.95,3.4,45.5,9.6,108.39,26.411,1.97,0.136,7.883,1.319,4.75,0.433,136.75,14.289,7187.5,1112.685,1.925,0.686,808.21,339.074,122,163.711
Cu3SbSe4,0.4,,34.25,6.74,75.529,18.008,2.243,0.309,8.854,0.941,4.125,0.33,122.5,19.843,6606.625,1917.214,480.295,477.704,869.136,400.062,153.26,191.268
Dy2O3,5,1.9701,31.2,28.41,74.599,71.77,2.556,1.082,10.546,3.761,3.6,1.959,120,88.181,3421.257,4188.417,1190.12,1347.121,706.88,798.631,4.415,5.375
Er2O3,5.42,1.959,32,29.39,76.503,74.101,2.56,1.077,10.614,3.679,3.6,1.959,119.2,87.201,3627.257,4440.714,1310.52,1494.58,740.88,840.272,6.015,7.335
Eu2O3,4.5,1.969,30,26.94,70.385,66.608,2.544,1.097,10.438,3.893,3.6,1.959,121.2,89.651,2098.457,2568.324,774.12,837.627,470.88,509.591,5.615,6.845
Fe2O3,2.2,3.1258,15.2,8.81,31.877,19.446,2.796,0.788,11.331,2.799,2.8,0.979,91.2,52.908,3150.457,3856.756,55.373,42.653,757.28,860.358,32.015,39.178
FeO,3.2,2.32,17,9,35.846,19.846,2.635,0.804,10.76,2.857,3,1,102,54,3937.714,3936.285,46.667,43.533,932.9,878.1,40.013,39.986
Ga2O3,5.4,1.94,17.2,11.26,37.485,26.321,2.788,0.798,10.57,3.732,2.8,0.979,83.2,43.111,2362.457,2891.657,55.11,42.975,154.044,121.548,11.615,14.194
GaAs,1.42,4.02,32,1,72.322,2.599,1.995,0.185,7.907,1.908,4,0,125,11,5816,88,444.738,442.261,696.455,393.544,39.5,10.5
GaN,3.3,2.327,19,12,41.864,27.858,2.425,0.615,10.266,4.267,3,1,96,40,2952.625,2951.374,39.918,37.441,182.98,119.93,14.512,14.487
GaP,2.26,3.35,23,8,50.348,19.374,2,0.189,8.243,2.244,3.5,0.5,117,19,3863.5,2040.5,278.038,275.561,310.105,7.194,14.618,14.382
GaP,2.78,3.35,23,8,50.348,19.374,2,0.189,8.243,2.244,3.5,0.5,117,19,3863.5,2040.5,278.038,275.561,310.105,7.194,14.618,14.382
GaS,2.8,2.3603,23.5,7.5,50.894,18.829,2.195,0.385,8.179,2.18,3.5,0.5,112,24,3932,1972,360.173,357.696,345.635,42.724,14.602,14.397
GaSe,2,2.5258,32.5,1.5,71.341,1.618,2.179,0.369,7.875,1.877,4,0,119.5,16.5,5361.5,542.5,480.238,477.761,398.455,95.544,14.76,14.24
GaSb,0.726,3.82,41,10,95.741,26.018,1.93,0.119,7.319,1.32,4.5,0.5,134.5,1.5,6300.5,396.5,2.168,0.308,603.345,300.434,26.5,2.5
Gd2O3,5.3,1.977,30.4,27.43,72.499,69.198,2.544,1.097,10.63,3.658,3.6,1.959,122,90.631,3161.257,3869.983,1463.32,1681.721,667.28,750.1317,4.415,5.375
Gd2Ti2O7,,2.36,20.72,21.06,47.475,53.117,2.687,1.001,11.025,3.435,3.09,1.56,104.909,77.22,2256.909,3154.328,698.592,1331.836,676.145,828.902,6.016,8.59
Gd3Ga5O12,,1.9637,22.15,20.06,50.617,50.158,2.696,0.929,10.593,3.705,3.1,1.479,97.75,67.784,2662.007,3315.402,583.189,1235.517,346.507,531.02,8.915,12.202
Gd3Sc2Al3O12,,1.901,18.45,19.54,41.729,49.321,2.621,1.008,10.647,4.461,2.95,1.43,99.85,70.921,1889.507,2788.934,1001.68,1425.671,592.2,698.694,38.515,82.728
Gd3Sc2Ga3O12,,1.9628,21.15,19.84,48.141,49.763,2.651,0.98,10.649,4.458,3.1,1.479,144.268,64.646,2370.107,3141.029,583.251,1235.487,491.616,688.702,7.615,10.578
Ge,0.664,4.052,32,0,72.64,0,2.01,0,7.9,0,4,0,125,0,5323,0,3.093,0,1211.4,0,60,0
GeO2,5.56,1.6054,16,11.31,34.879,26.7,2.963,0.674,11.712,2.695,2.666,0.942,73.666,36.298,1775.286,2508.6126,61.164,41.062,440.333,545.226,20.017,28.271
GeTe,0.1,6,42,10,100.12,27.479,2.054,0.045,8.455,0.554,4.5,0.5,124,1,5781.5,458.5,2.177,0.916,917.53,194.87,31.5,28.5
HfO2,5.55,1.8943,29.33,30.16,70.162,76.598,2.726,1.008,11.353,3.202,3.333,1.885,101.333,75.424,4437.619,6273.72,1685.466,2256.047,871.866,1155.506,7.684,10.829
Hg2Cl2,3.9,1.973,48.5,31.5,118.021,82.568,2.58,0.58,11.703,1.264,4.5,1.5,125,46,6768.607,6765.393,434.495,195.385,202.959,31.36,4.154,4.145
HgGa2S4,2.84,2.466,29.42,21.65,66.899,56.999,2.277,0.354,9.125,1.977,3.714,1.03,113.571,31.44,4740.285,3981.346,500.902,316.631,323.082,42.861,9.588,12.578
HgO,2.21,2.5067,44,36,108.294,92.295,2.719,0.72,12.028,1.589,4,2,109.5,61.5,6767.714,6766.285,360.04,269.84,144.56,89.759,4.163,4.136
HgS,2.1,2.5,48,32,116.327,84.262,2.29,0.29,10.399,0.039,4.5,1.5,129.5,41.5,7747,5787,673.875,43.995,311.34,77.02,4.252,4.047
HgSe,2.12,2.72,57,23,136.775,63.815,2.275,0.274,10.095,0.42,5,1,137,34,9176.5,4357.5,793.94,164.06,364.159,129.84,4.41,3.89
HgTe,0.17,,66,14,164.095,36.495,2.05,0.05,9.724,0.714,5.5,0.5,147,24,9887,3647,315.57,314.309,478.49,244.17,5.65,2.65
Ho2O3,5.42,1.963,31.6,28.9,75.571,72.96,2.56,1.077,10.579,3.721,3.6,1.959,119.2,87.201,3518.857,4307.952,1243.32,1412.277,731.68,829.005,6.415,7.825
InAs,0.354,4.1,41,8,94.869,19.948,1.98,0.2,7.8,2.014,4.5,0.5,135,21,6519,791,444.672,442.327,759.875,330.125,66,16
InP,1.344,3.43,32,17,72.895,41.922,1.984,0.204,8.136,2.35,4,1,127,29,4566.5,2743.5,277.972,275.627,373.525,56.224,41.118,40.882
InSb,0.17,5.13,50,1,118.289,3.471,1.915,0.134,7.213,1.427,5,0,144.5,11.5,7003.5,306.5,2.102,0.242,666.765,237.015,53,29
K2Al2B2O7,6.89,1.529,10,4.45,20.444,9.22,2.539,1.03,10.198,4.307,2.461,0.745,94.769,68.194,926.307,1143.344,1135.651,1650.137,586.123,811.003,55.706,83.925
K2Mg2(SO4)3,,1.53,10.84,4.05,21.841,8.369,2.804,0.955,11.498,4.408,2.473,0.678,85.052,62.231,400.664,723.303,313.898,428.404,228.512,274.027,27.417,54.732
K2NaAlF6,,1.376,11.6,3.9,24.215,7.845,2.806,1.452,12.433,7.513,2.6,0.8,104.6,83.243,539.017,823.839,446.024,847.679,219.039,276.259,57.516,78.576
KBr,7.6,1.5566,27,8,59.501,20.402,1.89,1.069,8.077,4.313,4,0,168.5,74.5,1988,1132,166.516,165.483,301.164,35.364,50.06,49.94
KCl,8.5,1.4879,18,1,37.275,1.822,1.99,1.17,8.654,4.313,3.5,0.5,161,82,429.607,426.393,120.071,119.039,254.065,82.464,50.004,49.995
KH2PO4,7,1.5074,8.5,5.76,17.01,12.242,2.646,0.898,12.062,4.086,2.125,0.927,79.875,63.685,335.611,627.991,119.499,167.928,112.631,124.925,12.587,33.038
KF,10.9,1.362,14,5,29.048,10.049,2.4,1.58,10.881,6.54,3,1,142.5,100.5,428.848,427.152,43.031,41.999,195.015,141.515,50.013,49.986
KI,6.2,1.6581,36,17,83.001,43.903,1.74,0.92,7.396,3.055,4.5,0.5,179,64,2898,2042,229.215,228.183,361.69,25.16,50.224,49.775
KIO3,3.83,1.7873,19.2,17.42,42.8,42.993,2.76,1.015,11.129,3.608,3,1.264,100.4,75.875,1160.057,1918.732,145.806,159.578,177.555,151.184,20.105,39.947
KMgF3,,1.404,11.6,3.87,24.079,7.785,2.814,1.436,12.85,5.695,2.6,8,102.8,80.655,172.565,341.717,323.824,520.605,284.006,337.778,52.016,66.439
KTaO3,3.5,2.2,22,25.99,53.608,64.294,2.528,1.137,10.618,3.842,3.2,1.6,117.4,86.078,3502.057,6582.297,1200.526,2265.5,758.185,1270.6,31.415,40.777
KTiOPO4,3.5,1.7984,12,5.45,24.742,12.051,2.718,0.992,11.218,4.91,2.625,0.856,94.625,70.283,899.143,1495.888,126.149,165.777,358.603,609.062,15.296,32.81
La2O3,5.4,1.88,27.6,24,65.161,60.211,2.504,1.146,10.401,3.939,3.6,1.959,119.2,87.201,2459.257,3010.212,1548.92,1786.559,510.08,557.601,5.215,6.355
LaF3,6.6,1.6025,21,20.78,48.975,51.921,3.26,1.247,14.46,5.129,3,1.732,88,79.674,1537.772,2660.561,998.022,1581.349,338.375,493.417,3.27,5.617
Li2B4O7,7.3,1.574,6.3,1.93,12.112,3.474,2.63,0.937,10.715,3.27,2,0,78.307,41.569,840,1095.657,1611.8,1850.879,821.767,1026.801,21.398,29.629
LiB3O5,7.78,1.5743,17.2,19.53,13.263,3.256,2.699,0.88,10.93,3.119,2,0,74.222,37.32,880.238,1128.797,1653.888,1909.227,863.521,1056.679,18.459,26.552
LiBaF3,,1.544,17.2,19.53,40.252,48.761,2.761,1.492,12.573,5.938,2.8,1.6,109.2,86.679,810.017,1365.7,802.618,894.582,322.838,372.37,20.616,32.635
LiBr,7.9,1.78,19,16,43.422,36.481,1.97,0.99,8.602,3.211,3,1,160.916,20.176,1827.5,1292.5,973.5,641.5,409.745,43.944,42.56,42.44
LiCl,9.3,1.66,10,7,21.197,14.256,2.07,1.09,9.179,3.788,2.5,0.5,123,44,269.107,265.893,927.055,687.944,312.645,141.045,42.504,42.495
LiF,13.6,1.3912,6,3,12.969,6.028,2.48,1.5,11.406,6.015,2,0,104.5,62.5,268.348,266.652,850.015,764.985,253.595,200.095,42.513,42.486
LiGaO2,5.6,1.754,12.5,10.87,27.165,24.847,2.417,1.063,9.656,3.967,2.5,0.866,99.75,52.897,1610.464,2488.426,449.469,673.871,216.55,170.308,28.513,34.691
LiGaTe2,2.31,2.647,34.5,20.1,82.966,49.848,1.747,0.458,7.352,1.671,4,1.224,137.25,17.977,4729.75,2425.721,404.999,698.594,550.48,180.243,30,33.481
LiI,6,1.95,28,25,66.922,59.981,1.82,0.84,7.921,2.53,3.5,1.5,141,26,2737.5,2202.5,1036.2,578.8,420.27,33.419,42.724,42.275
LiIO3,4,1.8871,16,18.6,36.368,45.403,2.792,0.955,11.339,3.217,2.6,1.2,85.5,48.437,1474.001,1971.006,468.6,590.579,200.988,180.286,17.105,33.947
LiNbO3,4.3,2.3007,13.6,13.83,29.569,31.862,2.58,1.071,10.6,3.72,2.6,1.2,101.8,66.616,2200.001,3320.511,378.123,619.317,673.618,1049.622,27.815,35.418
LiTaO3,4.1,2.186,20,26.57,47.177,66.977,2.56,1.09,10.827,3.508,2.8,1.6,97.4,60.569,3816.001,6485.326,1523.32,2185.153,781.618,1263.67,28.415,35.879
Lu2O3,5.5,1.9303,33.2,30.86,79.586,77.877,2.572,1.063,10.341,4.013,3.6,1.959,115.6,82.792,3937.257,4820.385,1524.12,1756.186,591.28,657.051,6.415,7.825
Lu2Ti2O7,,2.57,22,23.69,50.696,59.794,2.699,0.982,10.894,3.628,3.09,1.564,102,72.497,2609.636,3806.745,726.229,1390.445,641.6,793.465,6.926,9.304
Lu3Al5O12,,1.842,18.7,22.07,42.59,55.8,2.657,0.964,10.48,3.845,2.85,1.388,90.85,60.605,2152.007,3423.179,1303.37,1510.221,475.647,534.532,61.165,100.515
Mg3Al2Si3O12,,1.713,10,2.5,20.156,5.199,2.706,0.912,11.138,3.816,2.4,0.489,79,39.188,620.618,1076.183,995.336,1272.88,517.727,612.847,70.015,88.517
MgAl2O4,,1.715,10,2.32,20.323,5.061,2.612,0.959,10.584,3.54,2.428,0.494,81.857,39.972,772.493,1219.062,1043.971,1186.333,429.877,433.113,90.015,106.456
MgF2,10.8,1.377,10,1.41,20.767,2.501,3.09,1.258,14.163,4.608,2.333,0.471,76.333,48.554,1.71,0.019,511.02,602.44,343.333,409.886,53.351,75.411
MgGa2O4,,1.879,15.14,10.11,32.535,23.686,2.669,0.902,10.588,3.535,2.714,0.88,87,45.118,1687.922,2666.481,246.964,457.225,249.717,295.426,31.158,54.098
MgSe,5.63,2.39,23,11,48.632,24.327,1.93,0.619,8.699,1.053,3.5,0.5,124,21,2410.369,2408.631,1160.5,202.5,708.5,214.5,80.26,79.74
MgTe,3.6,2.54,32,20,75.952,51.647,1.705,0.395,8.328,0.681,4,1,134,11,3120.869,3119.131,682.13,680.869,822.829,100.17,81.5,78.5
MgO,7.8,1.735,10,2,20.152,4.152,2.375,1.065,10.632,2.986,2.5,0.5,96.5,48.5,1.583,0.154,726.6,636.4,488.9,434.1,80.013,79.986
MnF2,9.9,1.4865,14.33,7.54,30.978,16.941,3.17,1.145,14.092,4.708,2.666,0.942,81.666,56.097,2491.13,3520.592,57.464,38.983,542,690.843,2.618,3.663
MnO,3.7,2.18,16.5,8.5,35.468,19.469,2.495,0.945,10.526,3.092,3,1,104.5,56.5,3735.714,3734.285,46.267,43.933,786.9,732.1,3.913,3.886
MoO3,3.54,2.0838,16.5,14.72,35.984,34.615,3.12,0.554,11.986,2.825,2.75,1.299,83.5,61.487,2571.071,4450.751,68.878,36.93,765.1,1230.275,34.769,60.177
MoSe2,1.6,5.2069,36.66,3.77,80.619,10.832,2.42,0.183,8.866,1.254,4.333,0.471,132,41.012,6639.333,2574.34,640.304,449.289,1294.666,1132.313,46.68,65.28
MoTe2,1.2,3.9155,48.66,4.71,117.046,14.924,2.12,0.028,8.37,0.904,5,0,145.333,31.584,7586.666,1904.474,2.477,1.721,1447.106,1024.522,48.333,64.111
Na3Li3Al2F12,,1.3395,8.8,2.74,18.586,5.513,2.835,1.413,12.631,7.193,2.25,0.433,90.55,62.047,496.467,816.093,745.868,905.112,249.131,279.811,57.266,79.163
Na8Al6Si6O24Cl2,,1.483,10.34,2.74,21.069,5.833,2.551,1.027,10.863,4.739,2.478,0.499,91.391,53.128,825.32,1068.08,1036.543,1222.577,442.351,562.105,74.579,89.356
NaBr,7.5,1.64,23,12,51.446,28.457,1.945,1.015,8.476,3.337,3.5,0.5,142,48,2044,1076,744,412,318.335,52.534,70.06,69.94
NaCl,9,1.531,14,3,29.221,6.231,2.045,1.115,9.053,3.914,3,0,134.5,55.5,485.607,482.393,697.555,458.445,271.235,99.635,70.004,69.995
NaF,10.5,1.326,10,1,20.994,1.995,2.455,1.525,11.28,6.141,2.5,0.5,116,74,484.848,483.152,620.515,535.485,212.185,158.685,70.013,69.986
5NaF -9YF3,,1.47,,,,,,,,,,,,,,,,,,,,
NaI,5.9,1.77,32,21,74.947,51.957,1.795,0.865,7.795,2.656,4,1,152.5,37.5,2954,1986,806.7,349.3,378.86,7.99,70.224,69.775
NaNO2,3.13,1.471,8.5,1.5,17.248,3.412,2.712,1.042,11.727,3.822,2.25,0.433,85.5,60.421,243.027,418.563,353.44,463.387,135.88,135.716,35.019,60.61
Nb2O5,3.08,2.3216,17.42,14.9,37.972,34.743,2.914,0.831,11.658,3.098,2.857,1.355,90.857,67.763,2449.592,3870.885,65.862,38.481,824.857,1217.567,15.447,24.382
Nd2O3,4.4,1.92,28.8,25.47,67.295,62.824,2.703,0.901,10.38,3.964,3.6,1.959,111.2,77.403,2804.857,3433.484,1403.32,608.236,550.48,607.081,6.815,8.315
NdF3,6.15,1.6161,21.75,22.08,50.308,54.231,3.27,1.229,14.447,5.151,3,1.732,83,71.014,1753.772,3034.684,907.022,1423.732,363.625,537.152,4.27,7.349
NH4H2PO4,6.8,1.522,6,5.88,9.585,9.5,2.682,0.466,13.423,0.449,1.583,0.64,55.333,13.129,152.542,503.662,92.786,142.64,56.967,81.086,0.12,0.081
NiF2,9,1.56,15.33,8.95,32.23,18.712,3.289,0.975,14.161,4.611,2.666,0.942,77.666,50.44,2970.464,4198.471,57.748,38.581,611.666,789.366,30.351,42.884
NiO,3.86,2.2,18,10,37.346,21.346,2.675,0.765,10.629,2.989,3,1,98.5,50.5,4454.714,4453.285,46.693,43.507,891.4,836.6,45.513,45.486
PbCl2,3.82,2.2253,38.66,30.64,92.702,80.962,2.883,0.931,11.117,2.616,4,1.414,104,35.355,3782.142,5344.212,833.406,840.462,314.603,202.237,11.672,16.494
Pb(NO3)2,,1.78,16,23.33,36.801,60.25,3.227,0.356,13.743,2.236,2.444,1.257,61.555,32.846,1261.23,3563.383,301.991,608.137,117.278,170.916,3.912,10.991
PbF2,5,1.7611,33.33,34.41,81.732,88.719,3.429,0.777,14.087,4.716,3.333,1.885,79.333,52.797,3781.13,5344.927,730.686,913.096,235.87,257.91,11.685,16.486
PbI2,2.4,3.1472,62.66,13.67,153.669,37.851,2.55,0.155,9.439,1.43,5.333,0.471,128,18.384,7073.333,3016.988,978.933,737.559,458.103,100.767,11.966,16.287
PbMoO4,3.6,2.386,26,27.95,61.189,71.525,3.041,0.565,11.496,3.001,3.166,1.674,89.333,59.37,3604.286,5104.389,397.952,726.963,619.301,1037.493,29.017,50.816
PbO,1.7,2.61,45,37,111.599,95.6,2.885,0.554,10.517,3.1,4,2,101,53,5670.714,5669.285,1056.1,965.9,327.705,272.905,17.512,17.487
PbS,0.42,4.1,43,33,119.632,87.567,2.455,0.125,8.888,1.471,4.5,1.5,121,33,6650,4690,1369.935,652.064,494.485,106.125,17.602,17.397
PbSe,0.278,4.59,58,24,140.079,67.12,2.44,0.109,8.585,1.168,5,1,128.5,25.5,8079.5,3260.5,1490,532,547.305,53.305,17.76,17.24
PbSeO4,4.3,1.97,24.66,27.34,57.359,70.164,3.106,0.475,11.94,2.466,3,1.527,74.833,40.703,2694.119,4247.915,556.8,727.854,218.968,234.199,5.937,12.998
PbTe,0.311,5.35,67,15,167.399,39.8,2.215,0.114,8.212,0.796,5.5,0.5,138.5,15.5,8790,2550,1011.63,1010.369,661.635,61.024,19,16
Pr2O3,3.9,2.003,28.4,24.98,65.962,61.192,2.516,1.131,10.354,3.996,3.6,1.959,127.6,97.489,2656.857,3252.222,1479.32,1701.317,514.48,562.99,5.215,6.355
PrF3,5.3,1.6176,21.5,21.65,49.475,52.788,3.267,1.234,14.431,5.179,3,1.732,93.25,88.767,1661.272,2874.469,954.522,1506.005,341.125,498.181,3.27,5.617
PtS2,0.75,3.5238,36.66,29.22,86.402,76.845,2.48,0.141,9.913,0.631,4,1.414,117.666,41.955,8456.666,9187.674,1844.58,1593.408,939.373,779.25,24.136,33.844
PtSe2,0.1,3.5194,48.66,20.74,113.666,57.566,2.459,0.127,9.508,0.345,4.666,0.942,127.666,34.883,10362.666,7839.928,2004.666,1480.21,1009.8,729.451,24.346,33.695
PtSb2,0.08,,60,12.72,146.199,34.562,2.126,0.108,8.766,0.179,5.333,0.471,147.666,20.741,11614.666,6954.63,1367.24,1930.938,1282.986,536.279,40,22.627
RbBr,7.25,1.55,36,1,82.685,2.781,1.89,1.069,7.995,3.818,4.5,0.5,179.5,85.5,2326,794,646.5,614.5,289.13,23.329,29.06,28.94
RbCl,8.3,1.49,27,10,60.46,25.007,1.99,1.17,8.572,4.395,4,1,172,93,767.607,764.393,600.055,360.945,242.029,70.429,29.004,28.995
RbF,10.4,1.3967,23,14,52.233,33.234,2.4,1.58,10.799,6.622,3.5,1.5,153.5,111.5,766.848,765.151,523.015,437.985,182.98,129.48,29.013,28.986
RbI,5.83,1.64,45,8,100.186,20.718,1.74,0.92,7.314,3.137,5,0,190,75,3236,1704,709.2,251.8,349.655,37.195,29.224,28.775
Sb2CO3,3.36,2.387,12,6.4,50.588,50.345,2.828,0.633,11.565,2.23,3,1.414,79.5,38.421,3699.714,4503.007,698.219,1439.13,981.159,1365.883,31.345,49.759
Sb2O3,3.31,2.087,25.2,21.06,58.303,51.811,2.884,0.68,11.626,2.438,3.2,1.469,82,41.641,2679.657,3280.146,54.864,43.277,394.392,415.913,9.615,11.744
Sc2O3,6.2,1.964,13.2,6.36,27.582,14.185,2.608,1.018,10.795,3.456,2.8,0.979,102.4,66.626,1994.857,1461.645,55.361,42.668,758.48,861.828,6.415,7.825
ScN,2.26,2.61,14,7,67.883,53.876,2.2,0.84,10.548,3.986,3,1,120,64,1493.125,1491.874,40.231,37.128,938.525,875.475,8.012,7.987
Se2O3,5,2,17.2,11.26,38.783,27.904,3.084,0.436,12.072,1.893,2.8,0.979,70,26.944,1928.457,2360.118,437.32,425.133,230.48,215.163,0.223,0.241
Si,1.124,3.4777,14,0,28.085,0,1.9,0,8.151,0,3,0,111,0,2330,0,3173,0,1687,0,150,0
SiC,2.42,3.3714,10,4,20.047,8.037,2.224,0.324,9.706,1.554,2.5,0.5,89,22,2295,35,3544,371,2801,1114,145,5
Si3N4,5.1,2.0105,10,3.46,20.04,6.967,2.551,0.564,11.798,3.158,2.428,0.494,79.571,27.217,999.286,1152.431,1404.062,1531.944,759.028,803.646,64.3,74.217
SiO2,8.4,1.457,10,2.82,20.028,5.697,2.926,0.725,11.795,3.158,2.333,0.471,69,29.698,777.619,1097.698,1117.8,1453.245,598.866,769.426,50.017,70.698
Sm2O3,5,1.984,29.6,26.45,69.743,65.822,2.532,1.112,10.428,3.906,3.6,1.959,124,93.08,2942.057,3601.519,884.52,972.839,570.88,632.066,5.215,6.355
SnO2,4.8,2.0326,22,19.79,50.236,48.418,2.946,0.697,11.526,2.957,3,1.414,80.333,45.726,2437.619,3445.293,61.091,41.165,204.893,212.264,22.351,31.571
SnS2,2.43,2.6408,27.33,16.02,60.946,40.844,2.373,0.292,9.35,1.421,3.666,0.942,107,26.87,3743.333,2522.014,479.538,337.051,427.266,55.022,22.47,31.487
SnSe2,1.62,2.9263,39.33,7.54,88.21,21.566,2.353,0.278,8.95,1.135,4.333,0.471,117,19.798,5649.333,1174.268,639.625,450.25,497.693,5.223,22.68,31.338
SnTe,0.33,6.7,51,1,123.155,4.445,2.03,0.07,8.177,0.832,5,0,134,11,6775,535,2.068,0.807,613.87,108.789,35,32
Sr2Be2B2O7,8,1.677,11.53,11.39,25.144,26.78,2.553,1.126,10.919,3.498,2.461,1.082,90.153,59.881,1068.154,1174.564,1128.208,1642.582,792.276,875.271,38.783,65.956
SrF2,9.4,1.4371,18.66,13.67,41.872,32.348,2.97,1.428,13.513,5.528,3,1.414,101,83.438,877.797,1238.994,57.238,39.303,385.666,469.754,11.685,16.486
SrO,5.77,1.871,23,15,51.809,35.81,2.195,1.244,9.656,3.961,3.5,1.5,133.5,85.5,1315.714,1314.285,45.927,44.272,552.4,497.6,12.013,11.986
SrS,4.8,2.1,27,11,59.842,27.777,1.765,0.815,8.027,2.332,4,1,153.5,65.5,2295,335,359.762,358.107,719.18,330.82,17.602,17.397
SrSe,4.42,2.01,36,2,80.289,7.33,1.75,0.799,7.724,2.029,4.5,0.5,161,58,3724.5,1094.5,479.827,478.172,772,278,17.76,17.24
SrSnO3,4.1,1.9,22.4,18.03,50.865,43.819,2.646,1.023,10.778,3.516,3.2,1.469,101.6,69.692,1988.857,2848.692,55.025,43.08,343.896,393.774,20.415,26.944
SrTe,3.77,2.11,45,7,107.61,19.989,1.525,0.575,7.352,1.657,5,0,171,48,4435,1805,1.458,0.197,886.329,163.67,19,16
SrTiO3,4.1,2.3878,16.8,11.9,36.697,28.295,2.562,1.091,10.675,3.621,3,1.264,107.8,74.491,1428.257,1845.554,55.163,42.915,631.08,759.957,11.415,14.542
Ta2O5,4.2,2.1203,23.57,29.36,63.127,74.516,2.885,0.876,11.981,2.587,3.142,1.807,91.428,68.666,4758.163,7521.057,1701.857,2548.253,979.142,1461.514,16.304,25.737
Tb2O3,3.8,1.978,30.8,27.92,73.169,70.019,2.552,1.087,10.516,3.798,3.6,1.959,118.8,86.711,3288.457,4025.771,1455.32,1671.923,684.48,771.197,4.415,5.375
Te,0.33,4.2559,52,0,127.6,0,2.1,0,9.01,0,5,0,123,0,6240,0,1.261,0,722.66,0,3,0
TeO2,3,2.2597,22.66,20.74,53.199,52.609,2.993,0.631,12.082,2.172,3,1.414,73,35.355,2080.952,2940.89,60.553,41.926,277.42,314.832,1.017,1.401
ThO2,5.7,2.07,35.33,38.65,88.012,101.841,2.726,1.008,11.105,3.553,3.666,2.357,,,3908.952,5526.072,1757.8,2358.342,710.866,927.818,18.017,25.443
TiO2,3.5,2.1303,12.66,6.59,26.621,15.022,2.806,0.895,11.354,3.2,2.666,0.942,90.666,60.339,1503.286,2123.946,61.32,40.842,683.533,889.163,7.351,10.358
Tl3AsSe3,1.3,3.4258,54,23.38,129.564,64.798,2.1,0.429,8.2,1.811,4.857,0.989,127.285,25.126,7962.142,3380.104,1285.571,399.419,614.714,197.802,27.08,23.038
Tl3VS4,1.97,3.156,41.25,30.86,99.043,81.813,2.101,0.478,8.314,2.055,4.25,1.391,123.875,36.167,4300,3700.923,1014.145,610.224,683.43,573.471,21.227,21.518
TlBr,3.1,2.384,58,23,142.143,62.239,2.29,0.669,8.961,8.852,5,1,125,31,7485,4365,1039,707,421.4,155.6,23.06,22.94
TlCl,3.6,2.223,49,32,119.918,84.465,2.39,0.77,9.538,3.429,4.5,1.5,117.5,38.5,5926.607,5923.393,992.555,753.444,374.3,202.7,23.004,22.995
Tm2O3,5.4,1.958,32.4,29.88,77.173,74.922,2.564,1.072,10.644,3.641,3.6,1.959,117.6,85.242,3728.857,4565.148,943.32,1044.854,760.08,863.788,6.815,8.315
V2O5,2.36,2.5133,12.28,6.77,25.982,15.785,2.922,0.817,11.66,3.094,2.571,0.903,83.142,55.565,1746.735,2759.571,65.48,39.085,662.857,961.422,8.876,13.992
WO3,2.7,1.9772,24.5,28.57,57.959,72.677,3.17,0.467,12.208,2.441,3,1.732,84.25,62.486,4813.571,8334.875,1524.65,2484.54,964.85,1576.252,42.519,73.6
WSe2,1.35,4.4183,47.33,18.85,109.92,52.269,2.486,0.089,9.162,0.835,4.666,0.942,133,42.426,9629.333,6802.838,2581.333,2295.74,1561,1508.965,57.013,79.893
Y2O3,5.6,1.92,20.4,15.18,45.162,35.716,2.552,1.087,10.658,3.624,3.2,1.469,113.6,80.343,1789.657,2190.123,55.567,42.416,752.48,854.48,6.815,8.315
Y2Ti2O7,,2.34,16.18,11.97,35.049,28.074,2.69,0.995,10.071,3.553,2.909,1.239,101.9,71.066,2245.464,2244.069,58.705,41.663,714.872,874.243,7.107,9.488
Y3Al5O12,,1.8289,13.9,10.75,29.68,25.303,2.649,0.975,10.6,3.696,2.7,10.53,90.1,59.05,1346.657,1734.598,752.662,1177.793,536.097,646.299,61.315,100.448
Y3Fe5O12,,2.25,17.15,11.89,36.858,27.497,2.704,0.919,11.079,3.151,2.95,1.203,99.6,65.481,2640.157,3395.49,55.446,42.564,755.48,858.162,22.565,33.676
Y3Ga5O12,,1.913,18.4,12.97,40.366,30.415,2.699,0.924,10.603,3.692,2.95,1.203,94.6,61.634,2147.657,2664.899,55.281,42.767,378.457,605.78,9.815,12.539
Y3Sc2Al3O12,,1.96,14.7,10.95,31.478,25.683,2.624,1.235,10.657,4.445,2.8,1.122,96.7,65.171,1375.157,1758.7732,473.772,974.532,624.15,746.634,39.415,82.456
Yb2O3,4.9,1.947,23.5,26.84,78.815,76.933,2.504,1.146,10.672,3.607,3.6,1.959,117.6,85.242,2628.857,3217.929,641.72,675.471,469.68,508.122,15.615,19.092
ZnGeAs2,1.16,3.459,32,1.22,71.968,3.91,2.55,0.216,9.231,0.787,4,0,123.75,11.453,5979.75,689.974,444.568,442.432,1021.02,195.938,70,29.154
ZnGeP2,2.34,3.5232,23,8.03,49.994,19.192,2.01,0.22,9.567,1.06,3.5,0.5,115.75,18.739,4027.25,2295.953,277.868,275.732,634.67,366.548,45.118,49.642
ZnIn2S4,2.68,,27.42,14.44,60.469,36.172,2.218,0.419,8.915,2.005,3.714,0.88,115.142,31.638,4228.571,2620.049,411.05,354.285,443.659,103.254,40.688,48.194
ZnO,3.35,2.0034,19,11,40.694,24.695,2.545,0.895,11.506,2.112,3,1,95,47,3570.714,3569.285,45.69,44.51,373.739,318.94,60.013,59.986
ZnS,3.68,2.3505,23,7,48.727,16.662,2.115,0.465,9.876,0.482,3.5,0.5,115,27,4550,2590,359.525,358.345,540.52,152.159,60.102,59.897
ZnSe,2.71,2.5907,32,2,69.175,3.784,2.099,0.449,9.573,0.179,4,0,122.5,19.5,5979.5,1160.5,479.59,478.41,593.339,99.339,60.26,59.739
ZnSe (CVD),,2.59,32,2,69.175,3.784,2.099,0.446,9.573,0.179,4,0,122.5,19.5,5979.5,1160.5,479.59,478.41,593.399,99.399,60.26,59.739
ZnSiAs2,2.12,3.2292,27.5,7.88,60.829,19.301,1.977,0.22,9.293,0.681,3.75,0.433,120.25,12.616,5231.5,1771.588,1237.045,1174.77,1139.92,355.071,92.5,43.803
ZnSiP2,2.96,3.4,18.5,6.65,38.855,15.364,1.982,0.225,9.629,0.963,3.25,0.433,112.25,17.977,3279,2238.738,1070.345,1234.739,753.569,560.281,67.618,68.211
ZnSnAs2,0.73,,36.5,7.88,83.485,20.705,1.992,0.217,9.091,1.023,4.25,0.433,128.75,14.788,6476.5,750.909,444.513,442.486,844.44,254.359,71.75,28.708
ZnSnP2,1.66,2.9,27.5,14.36,61.511,35.888,1.997,0.221,9.428,1.283,3.75,0.829,120.75,22.774,4524,2701.668,277.813,275.786,458.09,155.631,46.868,50.256
ZnTe,2.3,2.962,41,11,96.495,31.104,1.875,0.225,9.202,0.192,4.5,0.5,132.5,9.5,6690,450,1.22,0.04,707.67,14.99,61.5,58.5
ZrO2,5,2.1226,18.66,15.08,41.074,35.461,2.736,0.994,11.29,3.292,3,1.414,100.666,74.481,2171.286,3068.641,61.693,40.313,745.866,977.315,7.684,10.829
ZrO2:Y2O3,4.1,2.12,,,,,,,,,,,,,,,,,,,,
